Metric,Value
Accuracy,0.8
Prec(1),0.8
Rec(1),0.8
F1(1),0.8000000000000002
Prec(0),0.8
Rec(0),0.8
F1(0),0.8000000000000002
TN,4.0
FP,1.0
FN,1.0
TP,4.0
